title,author,copies
Bhagavad-gita As It Is,A.C. Bhaktivedanta Swami Prabhupada,8
Srimad Bhagavatam,A.C. Bhaktivedanta Swami Prabhupada,3
Sri Chaitanya Charitamrita,A.C. Bhaktivedanta Swami Prabhupada,2
The Nectar of Devotion,A.C. Bhaktivedanta Swami Prabhupada,4
The Nectar of Instruction,A.C. Bhaktivedanta Swami Prabhupada,5
Sri Isopanisad,A.C. Bhaktivedanta Swami Prabhupada,6
Easy Journey to Other Planets,A.C. Bhaktivedanta Swami Prabhupada,4
Teachings of Lord Chaitanya,A.C. Bhaktivedanta Swami Prabhupada,3
Message of Godhead,A.C. Bhaktivedanta Swami Prabhupada,3
Beyond Birth and Death,A.C. Bhaktivedanta Swami Prabhupada,4
Raja Vidya – The King of Knowledge,A.C. Bhaktivedanta Swami Prabhupada,3
The Path of Perfection,A.C. Bhaktivedanta Swami Prabhupada,3
The Perfection of Yoga,A.C. Bhaktivedanta Swami Prabhupada,4
Krishna Consciousness – The Topmost Yoga System,A.C. Bhaktivedanta Swami Prabhupada,3
Krishna Consciousness – The Matchless Gift,A.C. Bhaktivedanta Swami Prabhupada,3
Elevation to Krishna Consciousness,A.C. Bhaktivedanta Swami Prabhupada,3
On the Way to Krishna,A.C. Bhaktivedanta Swami Prabhupada,3
Teachings of Lord Kapila,A.C. Bhaktivedanta Swami Prabhupada,2
Teachings of Queen Kunti,A.C. Bhaktivedanta Swami Prabhupada,2
Transcendental Teachings of Prahlada Maharaja,A.C. Bhaktivedanta Swami Prabhupada,3
A Second Chance,A.C. Bhaktivedanta Swami Prabhupada,3
Dharma – The Way of Transcendence,A.C. Bhaktivedanta Swami Prabhupada,2
The Science of Self-Realization,A.C. Bhaktivedanta Swami Prabhupada,5
The Journey of Self-Discovery,A.C. Bhaktivedanta Swami Prabhupada,3
The Quest for Enlightenment,A.C. Bhaktivedanta Swami Prabhupada,2
Renunciation Through Wisdom,A.C. Bhaktivedanta Swami Prabhupada,2
Perfect Questions Perfect Answers,A.C. Bhaktivedanta Swami Prabhupada,4
Civilization and Transcendence,A.C. Bhaktivedanta Swami Prabhupada,2
Beyond Illusion and Doubt,A.C. Bhaktivedanta Swami Prabhupada,2
Life Comes from Life,A.C. Bhaktivedanta Swami Prabhupada,3
Srila Prabhupada Lilamrita,Satsvarupa dasa Goswami,2
Mahasadhaka,ISKCON Bangalore,1
